cores,time
2,1.6747612953186035
3,1.9265050888061523
4,1.5202140808105469
5,3.013293981552124
