cores,time
1,2.654846668243408
2,1.2800302505493164
3,0.8395423889160156
4,0.6125369071960449
5,0.49227118492126465
6,0.4040405750274658
7,0.5484204292297363
8,0.4895820617675781
9,0.4455225467681885
10,0.42168617248535156
11,0.3954589366912842
12,0.36226820945739746
13,0.3233375549316406
14,0.30246496200561523
15,0.4428286552429199
16,0.4521665573120117
